City_ID,City,Country,Lat,Lng,Max Temp,Humidity,Cloudiness,Wind Speed,Current Description
0,Saint-Philippe,RE,-21.3585,55.7679,81.48,77,40,10.11,scattered clouds
1,Rikitea,PF,-23.1203,-134.9692,75.63,75,100,9.82,light rain
2,Vaini,TO,-21.2,-175.2,77.16,100,90,5.75,moderate rain
3,Busselton,AU,-33.65,115.3333,71.1,46,3,7.94,clear sky
4,Talnakh,RU,69.4865,88.3972,16.63,96,100,7.38,light snow
5,Yulara,AU,-25.2406,130.9889,73.24,78,75,12.66,broken clouds
6,Bluff,NZ,-46.6,168.3333,60.87,69,91,11.74,overcast clouds
7,Magdagachi,RU,53.45,125.8,21.9,45,4,1.3,clear sky
8,Mar Del Plata,AR,-38.0023,-57.5575,57.87,88,0,5.01,clear sky
9,Atuona,PF,-9.8,-139.0333,78.33,75,9,17.54,clear sky
10,Hobart,AU,-42.8794,147.3294,69.03,45,75,1.01,broken clouds
11,Hilo,US,19.7297,-155.09,76.73,81,90,6.91,overcast clouds
12,Chamalieres,FR,45.7756,3.0631,45.32,93,90,3.44,overcast clouds
13,Punta Arenas,CL,-53.15,-70.9167,44.71,70,40,12.66,scattered clouds
14,Lubbock,US,33.6001,-101.8338,64.65,49,1,5.99,clear sky
15,New Norfolk,AU,-42.7826,147.0587,68.67,33,11,4.0,few clouds
16,San Quintin,MX,30.4833,-115.95,61.48,86,14,4.56,few clouds
17,Kapaa,US,22.0752,-159.319,80.58,74,40,1.01,scattered clouds
18,Bantogon,PH,6.5333,124.0333,85.77,67,8,6.46,clear sky
19,Albany,US,42.6001,-73.9662,42.31,77,14,3.58,few clouds
20,Kavaratti,IN,10.5669,72.642,81.68,75,99,7.78,overcast clouds
21,Sao Joao Da Barra,BR,-21.6403,-41.0511,70.54,77,100,5.82,overcast clouds
22,Williston,US,48.147,-103.618,38.32,61,0,8.48,clear sky
23,Port Hardy,CA,50.6996,-127.4199,41.0,93,75,5.75,light rain
24,Mogadishu,SO,2.0371,45.3438,79.56,75,100,10.58,overcast clouds
25,Mataura,NZ,-46.1927,168.8643,70.74,49,100,1.63,overcast clouds
26,Arraial Do Cabo,BR,-22.9661,-42.0278,69.76,74,63,6.06,broken clouds
27,Ushuaia,AR,-54.8,-68.3,40.66,81,40,4.61,scattered clouds
28,Tasiilaq,GL,65.6145,-37.6368,26.76,74,100,5.41,overcast clouds
29,Borogontsy,RU,62.6683,131.1683,8.42,93,100,7.83,light snow
30,Longyearbyen,SJ,78.2186,15.6401,12.04,79,75,4.61,broken clouds
31,Kahului,US,20.8947,-156.47,78.82,80,40,18.41,scattered clouds
32,Kodiak,US,57.79,-152.4072,32.07,88,97,13.62,overcast clouds
33,Aurillac,FR,44.9167,2.45,41.25,100,90,3.44,fog
34,Kashi,CN,39.4547,75.9797,38.23,34,15,2.24,dust
35,Clyde River,CA,70.4692,-68.5914,10.65,90,47,11.41,scattered clouds
36,Castro,BR,-24.7911,-50.0119,58.62,96,91,6.82,overcast clouds
37,Belmonte,BR,-15.8631,-38.8828,73.9,90,100,2.84,overcast clouds
38,Yellowknife,CA,62.456,-114.3525,26.42,99,90,5.75,light snow
39,Hermanus,ZA,-34.4187,19.2345,56.89,74,47,2.46,scattered clouds
40,Bengkulu,ID,-3.8004,102.2655,83.79,66,100,6.58,overcast clouds
41,Cape Town,ZA,-33.9258,18.4232,59.88,74,59,4.0,broken clouds
42,Port Alfred,ZA,-33.5906,26.891,64.18,87,100,6.22,moderate rain
43,Bismarck,US,46.8083,-100.7837,45.81,69,1,1.01,clear sky
44,Choya,RU,52.0108,86.5467,34.9,63,75,2.24,broken clouds
45,Saint-Joseph,RE,-21.3667,55.6167,80.47,73,19,9.06,few clouds
46,Rumphi,MW,-11.0186,33.8575,69.69,50,57,4.81,broken clouds
47,Husavik,IS,66.0449,-17.3389,31.91,98,100,10.94,snow
48,Batemans Bay,AU,-35.7167,150.1833,81.19,87,93,9.17,light rain
49,Mecca,SA,21.4267,39.8261,77.63,58,0,3.09,clear sky
50,Cabo San Lucas,MX,22.8909,-109.9124,79.52,52,39,8.84,scattered clouds
51,Vardo,NO,70.3705,31.1107,25.0,60,99,15.88,light snow
52,Thompson,CA,55.7435,-97.8558,30.36,100,90,0.0,overcast clouds
53,Belcista,MK,41.3028,20.8303,54.05,73,100,1.61,overcast clouds
54,Cap Malheureux,MU,-19.9842,57.6142,79.47,71,17,10.0,few clouds
55,Abha,SA,18.2164,42.5053,52.05,54,0,0.0,clear sky
56,Cotonou,BJ,6.3654,2.4183,80.56,83,99,7.49,overcast clouds
57,Khatanga,RU,71.9667,102.5,4.06,97,99,9.35,overcast clouds
58,Skagen,DK,57.7209,10.5839,40.26,74,100,17.11,overcast clouds
59,Erdenet,MN,49.0333,104.0833,23.29,51,42,4.43,scattered clouds
60,Vila,PT,42.0304,-8.1588,43.32,91,98,4.59,overcast clouds
61,Nampa,US,43.5407,-116.5635,41.25,70,1,0.0,clear sky
62,Alofi,NU,-19.0595,-169.9187,76.89,83,90,9.22,light intensity shower rain
63,Terme,TR,41.2092,36.9739,57.96,71,98,4.81,overcast clouds
64,Verkhoyansk,RU,67.5447,133.385,-14.15,90,32,2.93,scattered clouds
65,Port Elizabeth,ZA,-33.918,25.5701,61.09,94,90,8.05,light rain
66,Mirpur Sakro,PK,24.5474,67.6277,75.42,22,9,5.12,clear sky
67,Kuvshinovo,RU,57.0295,34.1725,38.73,96,100,10.6,overcast clouds
68,Innisfail,AU,-17.5333,146.0333,94.87,69,68,10.25,broken clouds
69,Narrabri,AU,-30.3167,149.7833,83.52,47,85,3.0,overcast clouds
70,North Bend,US,43.4065,-124.2243,47.86,96,90,9.22,overcast clouds
71,Naze,JP,28.3667,129.4833,76.12,64,100,4.68,overcast clouds
72,Nikolskoye,RU,59.7035,30.7861,37.87,97,100,10.27,moderate rain
73,Barrow,US,71.2906,-156.7887,24.82,68,90,12.66,overcast clouds
74,Tacuati,PY,-23.45,-56.5833,70.75,84,76,0.96,broken clouds
75,Pevek,RU,69.7008,170.3133,12.6,81,95,14.81,overcast clouds
76,Miri,MY,4.4148,114.0089,86.14,74,40,6.91,scattered clouds
77,Mungwi,ZM,-10.1732,31.3694,65.53,38,79,3.42,broken clouds
78,Kaitangata,NZ,-46.2817,169.8464,62.92,74,92,5.7,overcast clouds
79,Saint George,US,37.1041,-113.5841,68.34,31,1,1.99,clear sky
80,Tuktoyaktuk,CA,69.4541,-133.0374,11.23,96,34,3.62,scattered clouds
81,Nishihara,JP,26.1842,127.7558,76.66,74,90,9.22,overcast clouds
82,Georgetown,MY,5.4112,100.3354,87.89,75,20,4.61,few clouds
83,Faya,SA,18.3851,42.4509,52.32,41,0,1.88,clear sky
84,Mahebourg,MU,-20.4081,57.7,79.25,78,75,10.36,broken clouds
85,Ferme-Neuve,CA,46.7001,-75.4493,44.38,92,97,1.83,overcast clouds
86,Fairbanks,US,64.8378,-147.7164,24.76,89,90,0.0,light snow
87,Ribeira Grande,PT,38.5167,-28.7,69.51,85,52,23.11,broken clouds
88,Portland,US,45.5234,-122.6762,47.75,92,90,4.0,overcast clouds
89,Bushehr,IR,28.9684,50.8385,77.02,56,0,5.68,clear sky
90,Woodstock,CA,43.1334,-80.7497,47.53,86,38,5.99,scattered clouds
91,Halifax,CA,44.6453,-63.5724,48.25,95,59,2.3,broken clouds
92,Lebu,CL,-37.6167,-73.65,52.27,94,69,8.81,broken clouds
93,Buala,SB,-8.145,159.5921,86.27,58,80,7.09,broken clouds
94,Rundu,NA,-17.9333,19.7667,70.75,63,94,5.26,overcast clouds
95,Cherskiy,RU,68.75,161.3,1.27,99,94,4.25,overcast clouds
96,Morant Bay,JM,17.8815,-76.4093,82.02,84,78,2.73,broken clouds
97,Shihezi,CN,44.3,86.0333,24.3,62,3,3.13,clear sky
98,Kavieng,PG,-2.5744,150.7967,85.41,68,8,16.04,clear sky
99,Dillon,US,34.4166,-79.3712,48.65,46,65,10.78,broken clouds
100,Sao Felix Do Xingu,BR,-6.6447,-51.995,70.57,90,86,1.43,overcast clouds
101,Inhambane,MZ,-23.865,35.3833,74.98,80,51,1.01,broken clouds
102,Demba,CD,-5.51,22.2667,67.15,95,89,0.72,overcast clouds
103,Padang,ID,-0.9492,100.3543,82.45,70,98,6.4,light rain
104,Rehoboth,NA,-23.3167,17.0833,59.27,18,45,12.08,scattered clouds
105,Tyshkivka,UA,48.4967,30.9423,47.53,88,89,4.7,overcast clouds
106,Adrar,MR,20.5022,-10.0711,67.96,26,89,6.93,overcast clouds
107,Aksu,CN,41.1231,80.2644,32.95,24,0,1.39,clear sky
108,Upernavik,GL,72.7868,-56.1549,9.75,74,4,6.13,clear sky
109,Bredasdorp,ZA,-34.5322,20.0403,50.29,79,84,2.98,broken clouds
110,Mayo,US,38.8876,-76.5119,51.17,74,1,4.0,clear sky
111,Katangli,RU,51.7102,143.2326,30.54,43,30,12.71,scattered clouds
112,Fochabers,GB,57.6136,-3.0957,43.9,82,0,5.75,clear sky
113,Visnes,NO,59.3556,5.2242,46.45,93,90,11.5,light rain
114,Beyneu,KZ,45.3167,55.2,37.99,27,99,8.81,overcast clouds
115,Afua,BR,-0.1567,-50.3867,75.42,93,100,3.94,overcast clouds
116,Butaritari,KI,3.0707,172.7902,81.88,71,17,9.73,few clouds
117,Caranavi,BO,-15.8167,-67.55,63.48,92,100,0.56,overcast clouds
118,Gigmoto,PH,13.7796,124.39,82.94,85,100,11.39,overcast clouds
119,Souillac,MU,-20.5167,57.5167,79.36,76,53,11.1,broken clouds
120,Laguna,US,38.421,-121.4238,53.44,72,1,3.44,clear sky
121,Yantal,RU,56.8471,105.2542,33.19,94,100,13.13,light snow
122,Vinh,VN,18.6667,105.6667,64.27,82,100,12.01,overcast clouds
123,Jamestown,US,42.097,-79.2353,47.71,88,1,3.44,clear sky
124,Zigong,CN,29.3416,104.7769,54.21,48,53,7.16,broken clouds
125,Morden,CA,49.1919,-98.1014,44.44,65,64,8.05,broken clouds
126,Narsaq,GL,60.9167,-46.05,30.42,83,100,1.68,overcast clouds
127,Seoul,KR,37.5683,126.9778,47.71,71,90,11.5,overcast clouds
128,Saldanha,ZA,-33.0117,17.9442,57.25,76,86,20.22,overcast clouds
129,Sawtell,AU,-30.3833,153.1,77.02,65,90,6.91,overcast clouds
130,Kendari,ID,-3.945,122.4989,88.45,61,56,5.23,broken clouds
131,San Patricio,US,28.017,-97.5169,70.83,74,0,6.64,clear sky
132,Jevnaker,NO,60.2414,10.385,35.69,98,100,1.32,overcast clouds
133,Lyuban,BY,52.7985,28.0048,44.69,80,100,14.9,overcast clouds
134,Kruisfontein,ZA,-34.0033,24.7314,56.88,89,100,3.44,overcast clouds
135,Grand Baie,MU,-20.0182,57.5802,79.45,71,14,10.0,few clouds
136,Lorengau,PG,-2.0226,147.2712,84.45,72,37,10.78,scattered clouds
137,Torrington,US,41.8007,-73.1212,44.24,77,100,4.18,overcast clouds
138,Karratha,AU,-20.7377,116.8463,81.7,42,14,19.84,few clouds
139,Mount Isa,AU,-20.7333,139.5,87.57,55,65,12.66,broken clouds
140,Port-Cartier,CA,50.0334,-66.8654,43.75,78,98,7.07,overcast clouds
141,Clearlake,US,38.9582,-122.6264,45.82,66,19,3.83,few clouds
142,Hvide Sande,DK,56.0045,8.1294,48.0,83,100,10.69,overcast clouds
143,Ahipara,NZ,-35.1667,173.1667,64.36,83,47,5.28,scattered clouds
144,Comodoro Rivadavia,AR,-45.8667,-67.5,55.26,62,0,10.36,clear sky
145,Launceston,AU,-41.45,147.1667,68.61,49,40,4.0,scattered clouds
146,Codrington,AU,-38.2667,141.9667,59.67,58,84,10.78,broken clouds
147,Budureasa,RO,46.6667,22.5,43.21,99,99,4.14,overcast clouds
148,Bonthe,SL,7.5264,-12.505,77.13,87,17,2.17,light rain
149,Saskylakh,RU,71.9167,114.0833,15.13,92,100,8.81,overcast clouds
150,Namibe,AO,-15.1961,12.1522,66.65,81,92,5.17,overcast clouds
151,Cuiluan,CN,47.72,128.648,27.03,88,100,13.04,snow
152,Mersin,TR,36.862,34.6509,54.75,29,43,3.69,scattered clouds
153,Dikson,RU,73.5069,80.5464,8.92,95,99,1.39,overcast clouds
154,Harper,LR,4.375,-7.7169,78.26,88,95,5.66,light rain
155,Meulaboh,ID,4.1363,96.1285,75.6,96,100,6.58,overcast clouds
156,Airai,TL,-8.9266,125.4092,73.0,71,92,0.67,overcast clouds
157,Caceres,ES,39.522,-6.3748,44.28,70,3,2.15,clear sky
158,Hami,CN,42.8,93.45,31.73,33,2,6.71,clear sky
159,Sinnamary,GF,5.3833,-52.95,78.69,87,100,10.2,overcast clouds
160,Alekseyevskaya,RU,50.2896,42.1845,42.89,79,99,8.23,overcast clouds
161,Yumen,CN,40.2833,97.2,28.11,26,17,13.02,few clouds
162,Hopkinsville,US,36.8656,-87.4886,44.78,73,7,4.72,clear sky
163,Paka,MY,4.6374,103.4368,89.53,66,40,4.61,scattered clouds
164,Bilma,NE,18.6853,12.9164,72.1,19,30,4.79,scattered clouds
165,Luderitz,NA,-26.6481,15.1594,55.63,82,0,8.61,clear sky
166,Masoko,TZ,-9.3333,33.75,71.49,45,79,3.4,broken clouds
167,Bonavista,CA,48.6499,-53.1147,48.11,85,79,11.83,broken clouds
168,Scarborough,GB,54.2797,-0.4044,41.9,85,98,1.99,overcast clouds
169,Tibiri,NE,13.5627,7.0485,77.22,19,10,7.0,clear sky
170,Lagunillas,VE,10.1301,-71.2595,78.51,83,100,5.32,overcast clouds
171,Ostrovnoy,RU,68.0531,39.5131,22.21,91,99,11.03,light snow
172,Abonnema,NG,4.7084,6.7931,76.21,91,100,3.83,overcast clouds
173,Sungaipenuh,ID,-2.0833,101.3833,80.37,59,98,5.06,overcast clouds
174,Klaksvik,FO,62.2266,-6.589,45.52,83,99,25.3,overcast clouds
175,Esperance,AU,-33.8667,121.9,65.08,57,100,14.85,overcast clouds
176,Marrakesh,MA,31.6315,-8.0083,42.87,65,0,3.44,clear sky
177,Talaya,RU,61.3833,152.75,9.72,95,100,5.75,light snow
178,Ocho Rios,JM,18.4025,-77.1048,82.15,83,23,3.36,few clouds
179,Hithadhoo,MV,-0.6,73.0833,82.76,70,98,13.56,overcast clouds
180,Faanui,PF,-16.4833,-151.75,79.36,75,23,10.51,light rain
181,Benguela,AO,-12.5763,13.4055,74.57,83,100,3.94,overcast clouds
182,Fundao,BR,-19.9341,-40.4047,70.54,92,100,1.77,overcast clouds
183,Haines Junction,CA,60.7522,-137.5108,18.09,67,8,2.26,clear sky
184,General Pico,AR,-35.6566,-63.7568,58.75,62,1,8.37,clear sky
185,Buraydah,SA,26.326,43.975,59.45,32,0,7.34,clear sky
186,Tura,IN,25.5198,90.2201,76.12,54,63,0.27,broken clouds
187,Te Anau,NZ,-45.4167,167.7167,67.03,51,86,4.41,light rain
188,Sao Filipe,CV,14.8961,-24.4956,77.85,74,100,7.56,overcast clouds
189,Urucara,BR,-2.5364,-57.76,75.36,88,79,1.25,broken clouds
190,Luanda,AO,-8.8368,13.2343,75.2,83,75,5.75,light rain
191,Ilulissat,GL,69.2167,-51.1,12.22,52,5,16.11,clear sky
192,Moree,AU,-29.4667,149.85,82.42,39,40,14.97,scattered clouds
193,Lompoc,US,34.6391,-120.4579,61.21,65,1,5.75,clear sky
194,Giyon,ET,8.5333,37.9833,57.11,52,91,5.26,overcast clouds
195,Bethel,US,41.3712,-73.414,47.01,74,1,3.44,clear sky
196,Wanning,CN,18.8003,110.3967,72.07,87,69,16.11,broken clouds
197,Ancud,CL,-41.8697,-73.8203,53.42,94,94,2.44,overcast clouds
198,Bilibino,RU,68.0546,166.4372,-3.96,99,64,3.85,broken clouds
199,Fairview,US,40.8126,-73.999,52.27,58,1,4.61,clear sky
200,Lata,PT,40.1629,-8.3327,51.08,65,99,4.09,overcast clouds
201,Boljoon,PH,9.6281,123.4785,85.32,76,24,10.92,few clouds
202,Shahpura,IN,27.3833,75.9667,78.13,26,20,2.33,few clouds
203,Necochea,AR,-38.5473,-58.7368,53.04,88,58,12.73,broken clouds
204,Vila Velha,BR,-20.3297,-40.2925,70.95,90,90,3.44,overcast clouds
205,Christchurch,NZ,-43.5333,172.6333,67.48,74,75,3.0,broken clouds
206,Beruwala,LK,6.4788,79.9828,79.16,84,100,13.4,overcast clouds
207,Hovd,MN,48.0056,91.6419,24.48,39,0,1.81,clear sky
208,Helena,US,46.5927,-112.0361,29.41,63,1,3.0,clear sky
209,Nuuk,GL,64.1835,-51.7216,21.81,79,20,9.22,few clouds
210,Dingle,PH,10.9995,122.6711,86.5,74,42,12.15,scattered clouds
211,Tuatapere,NZ,-46.1333,167.6833,65.34,55,99,4.76,overcast clouds
212,Yining,CN,29.0361,114.5636,52.88,35,45,2.95,scattered clouds
213,Rosarito,MX,32.3333,-117.0333,58.12,82,1,3.62,clear sky
214,Palauig,PH,15.435,119.9045,87.44,63,16,5.66,few clouds
215,Flin Flon,CA,54.7682,-101.865,32.45,77,96,2.46,overcast clouds
216,Hamilton,US,39.1834,-84.5333,50.04,75,20,3.44,few clouds
217,Rio Blanco,MX,18.8333,-97.15,60.75,98,100,3.91,overcast clouds
218,Bull Savanna,JM,17.8868,-77.5902,74.88,84,43,3.94,scattered clouds
219,Acari,PE,-15.4311,-74.6158,67.26,75,62,2.59,broken clouds
220,Waipawa,NZ,-41.4122,175.5153,65.3,70,26,6.35,scattered clouds
221,Dudinka,RU,69.4058,86.1778,11.95,95,100,6.49,overcast clouds
222,Krasnoturinsk,RU,59.7666,60.2086,30.58,77,31,8.43,scattered clouds
223,Bhadasar,IN,28.2833,74.3167,79.7,21,0,1.14,clear sky
224,Okhotsk,RU,59.3833,143.3,9.57,71,32,22.62,scattered clouds
225,Rawson,AR,-43.3002,-65.1023,59.65,54,100,4.41,overcast clouds
226,Bershet,RU,57.7309,56.3783,33.06,77,100,9.1,overcast clouds
227,Walvis Bay,NA,-22.9575,14.5053,53.1,87,4,3.44,clear sky
228,Saint-Prosper,CA,46.2117,-70.4811,40.32,81,73,3.76,broken clouds
229,Emmett,US,43.8735,-116.4993,41.76,53,37,5.68,scattered clouds
230,Aksarka,RU,66.5606,67.7975,14.31,92,100,4.85,overcast clouds
231,Puerto Ayora,EC,-0.7393,-90.3518,69.35,81,37,7.74,scattered clouds
232,Aden,YE,12.7794,45.0367,81.99,63,9,14.99,clear sky
233,Teknaf,BD,20.8624,92.3058,81.95,60,79,3.85,broken clouds
234,Nanortalik,GL,60.1432,-45.2371,30.27,63,100,1.52,overcast clouds
235,Tiksi,RU,71.6872,128.8694,13.89,78,100,25.48,overcast clouds
236,Carnarvon,AU,-24.8667,113.6333,75.27,50,40,17.27,scattered clouds
237,East London,ZA,-33.0153,27.9116,61.74,100,90,8.05,moderate rain
238,Senador Jose Porfirio,BR,-2.5908,-51.9542,76.86,81,100,1.99,overcast clouds
239,Port-Gentil,GA,-0.7193,8.7815,78.66,85,98,11.77,light rain
240,Makakilo City,US,21.3469,-158.0858,79.12,66,20,10.36,few clouds
241,Vestmannaeyjar,IS,63.4427,-20.2734,42.12,84,100,42.57,overcast clouds
242,Dasoguz,TM,41.8363,59.9666,28.51,46,0,0.0,clear sky
243,Bairiki,KI,1.3292,172.9752,86.0,70,40,6.91,scattered clouds
244,Mareeba,AU,-17.0,145.4333,90.45,59,83,9.19,broken clouds
245,Kununurra,AU,-15.7667,128.7333,87.78,66,75,14.97,thunderstorm
246,Fortuna,US,40.5982,-124.1573,45.43,73,1,0.0,clear sky
247,San Blas,MX,21.5167,-105.2667,76.39,85,30,2.08,scattered clouds
248,Aparecida Do Taboado,BR,-20.0867,-51.0936,76.21,72,19,3.27,few clouds
249,San Jeronimo,PE,-11.9472,-75.2829,50.88,81,100,4.05,overcast clouds
250,Dunedin,NZ,-45.8742,170.5036,64.8,68,58,7.29,broken clouds
251,Mao,ES,39.8885,4.2658,55.96,88,75,16.11,broken clouds
252,Hobyo,SO,5.3505,48.5268,80.19,64,36,11.5,scattered clouds
253,Ponta Do Sol,PT,32.6667,-17.1,66.83,66,13,5.66,few clouds
254,Ucluelet,CA,48.9329,-125.5528,41.09,89,90,11.61,overcast clouds
255,Fiumicino,IT,41.7675,12.2291,63.07,61,27,11.99,scattered clouds
256,Domat,CH,46.8348,9.4508,42.08,77,75,1.83,broken clouds
257,Ponta Delgada,PT,37.7333,-25.6667,69.49,77,40,13.8,scattered clouds
258,Pilar,BR,-9.5972,-35.9567,78.73,96,35,4.97,scattered clouds
259,Tabou,CI,4.423,-7.3528,77.7,89,97,4.92,light rain
260,Bezhetsk,RU,57.7851,36.6965,39.49,97,100,12.33,light rain
261,Chuguyevka,RU,44.1653,133.8633,47.71,71,100,7.02,overcast clouds
262,Qaanaaq,GL,77.484,-69.3632,2.43,70,63,7.85,broken clouds
263,Udachnyy,RU,66.4167,112.4,18.88,87,82,9.91,broken clouds
264,Sioux Lookout,CA,50.1001,-91.917,44.98,87,75,4.61,broken clouds
265,Avarua,CK,-21.2078,-159.775,75.25,69,40,10.36,scattered clouds
266,Isangel,VU,-19.55,169.2667,80.71,65,60,9.22,broken clouds
267,Salalah,OM,17.0151,54.0924,78.89,69,0,4.61,clear sky
268,Provideniya,RU,64.3833,-173.3,17.71,79,90,6.71,overcast clouds
269,Cidreira,BR,-30.1811,-50.2056,61.48,73,6,2.68,clear sky
270,Verkhnevilyuysk,RU,63.4453,120.3167,26.22,92,100,8.72,light snow
271,Djibo,BF,14.1022,-1.6306,81.57,18,49,6.58,scattered clouds
272,Byron Bay,AU,-28.65,153.6167,78.91,72,100,3.18,overcast clouds
273,Severo-Kurilsk,RU,50.6789,156.125,36.59,69,99,23.02,overcast clouds
274,Torbat-E Jam,IR,35.244,60.6225,43.23,30,21,2.93,few clouds
275,Idaho Falls,US,43.4666,-112.0341,36.63,69,1,8.05,clear sky
276,Marawi,PH,7.9986,124.2928,77.65,66,37,7.18,scattered clouds
277,Lannion,FR,48.75,-3.4167,51.42,93,90,1.14,overcast clouds
278,Fagernes,NO,60.9858,9.2324,38.26,98,100,1.74,overcast clouds
279,Chara,RU,56.9064,118.2631,12.9,73,98,0.87,overcast clouds
280,Torbay,CA,47.6666,-52.7314,47.26,87,90,13.8,overcast clouds
281,Chissamba,AO,-12.1667,17.3333,62.98,84,100,4.63,overcast clouds
282,Burns Lake,CA,54.2331,-125.7533,26.02,75,94,3.49,overcast clouds
283,Aklavik,CA,68.2191,-135.0107,18.32,96,93,5.44,overcast clouds
284,Finale Ligure,IT,44.1695,8.3436,61.86,55,87,1.01,overcast clouds
285,Santa Maria,BR,-29.6842,-53.8069,60.1,82,0,8.05,clear sky
286,Kuching,MY,1.55,110.3333,89.82,62,40,4.61,scattered clouds
287,Port Lincoln,AU,-34.7333,135.8667,61.25,56,96,8.81,overcast clouds
288,Cochrane,CA,51.1834,-114.4687,34.21,40,1,11.5,clear sky
289,Bambous Virieux,MU,-20.3428,57.7575,79.21,78,75,10.36,broken clouds
290,Nizhneangarsk,RU,55.7833,109.55,29.55,86,100,12.5,light snow
291,Baruun-Urt,MN,46.6806,113.2792,26.33,48,7,7.65,clear sky
292,Bathsheba,BB,13.2167,-59.5167,81.21,74,40,13.8,scattered clouds
293,Aquiraz,BR,-3.9014,-38.3911,81.18,81,38,7.92,scattered clouds
294,Gat,IL,31.61,34.7642,71.4,32,0,1.14,clear sky
295,Kaabong,UG,3.4836,34.1492,66.94,71,45,8.21,scattered clouds
296,Katsuura,JP,35.1333,140.3,68.14,55,60,16.04,broken clouds
297,Kieta,PG,-6.2167,155.6333,85.95,56,22,5.28,few clouds
298,Rantauprapat,ID,2.1,99.8333,89.33,57,98,3.18,overcast clouds
299,Brae,GB,60.3964,-1.353,40.91,66,98,3.6,overcast clouds
300,Tommot,RU,58.9564,126.2925,24.58,62,100,7.56,overcast clouds
301,Leningradskiy,RU,69.3833,178.4167,10.62,82,71,10.4,broken clouds
302,Namatanai,PG,-3.6667,152.4333,86.29,60,76,12.01,broken clouds
303,Suntar,RU,62.1444,117.6319,28.96,92,100,9.48,light snow
304,Sorland,NO,67.667,12.6934,32.07,54,98,14.38,overcast clouds
305,Finnsnes,NO,69.2296,17.9811,31.96,98,100,4.18,snow
306,Opuwo,NA,-18.0607,13.84,65.61,37,77,2.55,broken clouds
307,Semirom,IR,31.4167,51.5667,35.58,93,100,3.2,overcast clouds
308,Sainte-Rose,GP,16.3324,-61.6979,73.44,88,0,0.0,clear sky
309,Krasnoselkup,RU,65.7,82.4667,32.83,98,100,22.91,light snow
310,Constitucion,CL,-35.3333,-72.4167,54.72,80,4,12.44,clear sky
311,Hondo,JP,32.45,130.2,69.75,76,100,17.74,overcast clouds
312,Atyrau,KZ,47.1167,51.8833,41.02,60,75,6.71,broken clouds
313,Gwadar,PK,25.1216,62.3254,77.59,41,0,4.29,clear sky
314,Juba,SS,4.8517,31.5825,70.38,90,99,6.15,light rain
315,Mwene-Ditu,CD,-7.0,23.45,63.14,92,81,3.87,broken clouds
316,Moose Factory,CA,51.2585,-80.6094,37.38,93,1,5.75,clear sky
317,Saurimo,AO,-9.6608,20.3916,63.32,94,86,3.29,overcast clouds
318,Kalmunai,LK,7.4167,81.8167,80.55,76,99,3.31,light rain
319,Moyale,KE,3.5167,39.0584,67.26,81,99,6.13,light rain
320,Filingue,NE,14.3521,3.3168,80.22,15,15,3.15,few clouds
321,Rock Sound,BS,24.9,-76.2,75.78,69,100,17.02,overcast clouds
322,Shelburne,CA,44.0787,-80.2041,48.65,87,68,6.82,broken clouds
323,Hasaki,JP,35.7333,140.8333,73.29,50,46,15.28,scattered clouds
324,Diourbel,SN,14.6628,-16.3925,73.72,61,58,6.62,broken clouds
325,Kahama,TZ,-3.8333,32.6,66.67,42,100,4.09,overcast clouds
326,Huancavelica,PE,-12.7667,-74.9833,39.49,89,99,2.71,overcast clouds
327,Los Llanos De Aridane,ES,28.6585,-17.9182,64.15,63,75,8.99,broken clouds
328,Poum,NC,-20.2333,164.0167,76.28,78,93,15.95,overcast clouds
329,Chiang Klang,TH,19.2938,100.8617,87.44,76,21,1.9,few clouds
330,Ocos,GT,14.5094,-92.1933,80.01,81,70,2.19,broken clouds
331,Arys,KZ,42.4252,68.795,39.42,26,100,3.31,overcast clouds
332,Altamirano,MX,16.8833,-92.15,48.2,96,64,1.7,broken clouds
333,Ibatiba,BR,-20.2339,-41.5106,62.94,98,95,2.71,overcast clouds
334,Rognan,NO,67.0953,15.3878,28.54,81,3,5.59,clear sky
335,Bucerias,MX,20.75,-105.3333,75.27,87,42,1.9,scattered clouds
336,Bay Saint Louis,US,30.3088,-89.33,53.67,67,0,7.14,clear sky
337,Puerto Del Rosario,ES,28.5004,-13.8627,67.75,64,0,20.71,clear sky
338,Salamiyah,SY,35.0113,37.0532,58.89,37,69,6.87,broken clouds
339,Sao Mateus,BR,-18.7161,-39.8589,69.94,89,78,3.62,broken clouds
340,Barbacena,BR,-21.2258,-43.7736,59.88,98,96,6.4,overcast clouds
341,Paamiut,GL,61.994,-49.6678,19.8,66,15,7.16,few clouds
342,Mosalsk,RU,54.4881,34.9817,40.33,88,100,15.99,moderate rain
343,Cairns,AU,-16.9167,145.7667,95.07,65,52,9.22,broken clouds
344,Aitape,PG,-3.1374,142.3475,87.28,64,28,9.46,scattered clouds
345,Norman Wells,CA,65.282,-126.8329,12.24,85,90,9.22,light snow
346,Huilong,CN,31.8111,121.655,50.04,52,12,22.75,few clouds
347,Praia,CV,14.9215,-23.5087,75.74,73,40,13.8,scattered clouds
348,Monrovia,LR,6.3005,-10.7969,77.85,86,58,3.11,light rain
349,Saint-Michel-Des-Saints,CA,46.6834,-73.9159,45.93,93,99,3.02,overcast clouds
350,Arica,CL,-18.475,-70.3042,62.83,77,90,5.75,overcast clouds
351,Rondonopolis,BR,-16.4708,-54.6356,73.18,90,70,0.92,broken clouds
352,Okahandja,NA,-21.9833,16.9167,61.83,31,64,7.14,broken clouds
353,Champasak,LA,14.75,106.0,86.88,48,59,1.95,broken clouds
354,Kijang,KR,35.2442,129.2139,56.93,89,98,18.48,moderate rain
355,Katobu,ID,-4.9408,122.5276,89.22,61,100,2.51,overcast clouds
356,Bundaberg,AU,-24.85,152.35,83.21,75,90,7.0,overcast clouds
357,Lufilufi,WS,-13.8745,-171.5986,89.38,75,35,11.74,scattered clouds
358,Puerto Colombia,CO,10.9878,-74.9547,82.49,80,99,14.47,overcast clouds
359,Tazovskiy,RU,67.4667,78.7,17.58,92,100,10.49,overcast clouds
360,Viedma,AR,-40.8135,-62.9967,56.01,75,61,9.84,broken clouds
361,Cururupu,BR,-1.8283,-44.8683,74.95,91,95,3.0,overcast clouds
362,Hervey Bay,AU,-25.2986,152.8535,83.03,85,92,17.63,light rain
363,Coihaique,CL,-45.5752,-72.0662,40.95,87,0,1.14,clear sky
364,Northam,GB,51.0333,-4.2167,51.57,89,52,4.59,broken clouds
365,Orlik,RU,52.5178,99.825,20.26,73,96,3.13,overcast clouds
366,Codajas,BR,-3.8367,-62.0569,74.53,95,97,0.36,overcast clouds
367,Esso,RU,55.9333,158.7,17.11,90,56,3.04,broken clouds
368,Lavrentiya,RU,65.5833,-171.0,10.42,85,7,7.74,clear sky
369,West Bay,KY,19.3667,-81.4167,79.07,69,98,1.01,overcast clouds
370,Balezino,RU,57.9796,53.0106,32.77,77,98,9.31,overcast clouds
371,Chapais,CA,49.7834,-74.8492,40.78,98,100,5.97,overcast clouds
372,Nobres,BR,-14.7203,-56.3275,70.93,86,57,2.15,broken clouds
373,Sunagawa,JP,43.4864,141.9056,57.96,63,80,6.15,broken clouds
374,Kunnamkulam,IN,10.65,76.0833,83.3,83,87,2.64,light rain
375,Lasa,IT,46.6166,10.7002,40.08,65,66,6.2,broken clouds
376,Grindavik,IS,63.8424,-22.4338,41.47,87,90,33.38,light intensity drizzle rain
377,Kyshtym,RU,55.714,60.5528,35.22,78,100,12.5,overcast clouds
378,Trinidad,BO,-14.8333,-64.9,70.09,75,100,2.04,overcast clouds
379,Zyuzelskiy,RU,56.4856,60.1331,33.64,82,100,12.1,overcast clouds
380,Barcs,HU,45.96,17.4586,49.23,78,93,8.05,overcast clouds
381,Charleston,US,32.7766,-79.9309,53.83,73,1,5.01,clear sky
382,La Ronge,CA,55.1001,-105.2842,28.65,93,20,3.44,few clouds
383,Chenzhou,CN,25.8,113.0333,50.92,60,29,7.76,scattered clouds
384,Vila Do Maio,CV,15.1333,-23.2167,75.99,76,100,15.68,overcast clouds
385,Werda,BW,-25.2667,23.2833,77.32,17,100,8.88,overcast clouds
386,Kontagora,NG,10.3999,5.4695,73.49,39,99,1.41,overcast clouds
387,Lobva,RU,59.1854,60.5185,32.45,77,75,8.57,broken clouds
388,Nome,US,64.5011,-165.4064,21.27,80,90,16.11,light snow
389,Sena Madureira,BR,-9.0656,-68.6569,72.1,99,99,1.43,light rain
390,Antalaha,MG,-14.9003,50.2788,78.19,72,70,6.38,broken clouds
391,Port Macquarie,AU,-31.4333,152.9167,75.16,58,68,9.86,broken clouds
392,Yerbogachen,RU,61.2767,108.0108,28.06,92,100,12.3,light snow
393,Acapulco,MX,16.8634,-99.8901,78.12,81,28,2.95,scattered clouds
394,Pochutla,MX,15.7432,-96.4661,77.85,82,68,3.62,broken clouds
395,Port Blair,IN,11.6667,92.75,83.61,78,100,11.45,overcast clouds
396,Lukang,TW,24.0567,120.4352,85.44,71,77,25.28,broken clouds
397,Concarneau,FR,47.875,-3.9225,50.77,86,57,2.98,broken clouds
398,Calvinia,ZA,-31.4707,19.776,48.58,84,95,5.73,overcast clouds
399,West Wendover,US,40.7391,-114.0733,45.61,61,75,0.0,broken clouds
400,Dublin,US,37.7021,-121.9358,54.12,67,1,3.44,clear sky
401,Lagoa,PT,39.05,-27.9833,68.27,85,11,19.35,few clouds
402,Marsa Matruh,EG,31.3525,27.2453,68.63,71,4,4.18,clear sky
403,Alyangula,AU,-13.8483,136.4192,91.27,62,75,4.61,broken clouds
404,Kupang,ID,-10.1667,123.5833,90.18,66,75,9.22,thunderstorm
405,Itarema,BR,-2.9248,-39.9167,77.9,84,83,6.98,broken clouds
406,Ndele,CF,8.4109,20.6473,70.43,84,98,4.36,overcast clouds
407,Tucurui,BR,-3.7661,-49.6725,76.01,78,96,0.67,overcast clouds
408,Mercedes,AR,-34.6515,-59.4307,63.86,84,0,6.44,clear sky
409,Misratah,LY,32.3754,15.0925,72.45,52,28,14.58,scattered clouds
410,Ubatuba,BR,-23.4339,-45.0711,66.7,83,17,3.29,few clouds
411,Riyadh,SA,24.6877,46.7219,62.74,26,42,5.59,scattered clouds
412,Marsh Harbour,BS,26.5412,-77.0636,75.02,77,64,19.37,broken clouds
413,Russkiy,RU,43.0147,131.8642,37.26,86,100,39.35,heavy intensity rain
414,Pimentel,PE,-6.8367,-79.9342,63.43,85,50,10.71,scattered clouds
415,Lazaro Cardenas,MX,17.9583,-102.2,77.61,87,53,2.62,broken clouds
416,Chokurdakh,RU,70.6333,147.9167,-14.93,94,89,6.46,overcast clouds
417,Norden,DE,53.6,7.2,47.95,91,66,18.43,broken clouds
418,Wisconsin Rapids,US,44.3836,-89.8174,54.95,76,1,4.61,clear sky
419,Hambantota,LK,6.1241,81.1185,79.14,94,20,10.36,few clouds
420,Sayansk,RU,54.1088,102.1648,30.65,63,100,3.4,overcast clouds
421,Valka,LV,57.7752,26.0101,36.05,94,100,3.0,overcast clouds
422,Fort Myers Beach,US,26.452,-81.9481,66.02,86,1,1.01,clear sky
423,Margate,GB,51.3813,1.3862,43.7,86,92,1.01,overcast clouds
424,Tirumullaivasal,IN,11.2333,79.8333,79.25,87,100,11.56,moderate rain
425,Chuy,UY,-33.6971,-53.4616,52.86,85,13,0.49,few clouds
426,Birjand,IR,32.8663,59.2211,41.47,70,75,4.61,broken clouds
427,Sochaczew,PL,52.2294,20.2384,47.28,80,99,13.94,overcast clouds
428,Palmares Do Sul,BR,-30.2578,-50.5097,59.56,78,5,3.22,clear sky
429,Mehamn,NO,71.0357,27.8492,32.18,86,0,8.05,light snow
430,Sidi Ali,DZ,36.0998,0.4206,54.1,66,82,5.39,broken clouds
431,Youghal,IE,51.95,-7.8506,55.09,100,100,8.77,light rain
432,Mehran,IR,33.1222,46.1646,58.48,24,0,6.64,clear sky
433,Tiznit,MA,29.5833,-9.5,52.63,43,0,6.26,clear sky
434,Okakarara,NA,-20.5833,17.4333,71.58,35,100,1.32,overcast clouds
435,Contai,IN,21.7786,87.7536,78.24,53,32,8.05,scattered clouds
436,Camacha,PT,33.0833,-16.3333,63.82,59,40,11.5,scattered clouds
437,Banjar,ID,-8.19,114.9675,87.66,71,90,4.05,light rain
438,Westport,US,41.1415,-73.3579,50.76,69,1,5.01,clear sky
439,Olafsvik,IS,64.8945,-23.7142,37.96,95,100,25.39,heavy intensity rain
440,Gaozhou,CN,21.9392,110.8461,71.33,50,74,10.96,broken clouds
441,Chunskiy,RU,56.0815,99.6342,39.33,58,99,13.53,overcast clouds
442,Yamada,JP,39.4667,141.95,60.94,77,99,13.69,light rain
443,Rantepao,ID,-2.9701,119.8978,79.21,84,80,2.89,broken clouds
444,Severnyy,RU,50.677,36.5532,42.84,93,75,6.71,light intensity shower rain
445,Lugovoy,KZ,42.9472,72.7644,38.41,57,61,2.66,broken clouds
446,Impfondo,CG,1.6381,18.0667,71.26,96,100,0.63,light rain
447,Ambon,ID,-3.6954,128.1814,87.94,70,40,10.36,scattered clouds
448,Bereda,ES,43.2686,-7.5406,48.0,100,100,3.22,overcast clouds
449,Kiruna,SE,67.8557,20.2251,11.32,85,40,6.91,scattered clouds
450,Shimoda,JP,34.6667,138.95,68.36,61,63,21.52,broken clouds
451,Buenaventura,CO,3.8801,-77.0312,72.93,96,100,0.83,overcast clouds
452,Mount Gambier,AU,-37.8333,140.7667,62.51,51,90,8.05,overcast clouds
453,Eyl,SO,7.9803,49.8164,80.1,61,30,11.95,scattered clouds
454,Shakawe,BW,-18.3667,21.85,77.43,43,85,8.21,overcast clouds
455,Nang Rong,TH,14.6377,102.7914,84.33,74,93,9.69,light rain
456,Myitkyina,MM,25.3833,97.4,83.55,35,0,2.57,clear sky
457,Egvekinot,RU,66.3167,-179.1667,-0.13,80,28,0.89,scattered clouds
458,Sitka,US,57.0531,-135.33,44.49,49,20,9.22,few clouds
459,Kirakira,SB,-10.4544,161.9205,84.72,70,8,5.75,clear sky
460,Leeton,AU,-34.5667,146.4,79.9,27,3,12.66,clear sky
461,Linxia,CN,35.6003,103.2064,32.7,46,92,1.9,overcast clouds
462,Jumla,NP,29.2747,82.1838,61.7,18,0,4.54,clear sky
463,Amga,RU,60.8953,131.9608,16.36,90,100,6.38,overcast clouds
464,Kvitok,RU,56.0724,98.4813,40.37,54,96,14.79,overcast clouds
465,Ketchikan,US,55.3422,-131.6461,41.47,81,90,13.8,overcast clouds
466,Korla,CN,41.7597,86.1469,32.79,22,0,4.76,clear sky
467,Katherine,AU,-14.4667,132.2667,91.72,52,40,14.97,light rain
468,Umm Lajj,SA,25.0213,37.2685,80.19,33,0,2.84,clear sky
469,Juruti,BR,-2.1522,-56.0922,74.8,91,80,1.92,broken clouds
470,Puerto Baquerizo Moreno,EC,-0.9,-89.6,69.21,80,72,9.15,broken clouds
471,Erzin,TR,36.9559,36.2,50.52,29,19,4.81,few clouds
472,Bam,IR,29.106,58.357,58.15,33,5,5.5,clear sky
473,Isla Mujeres,MX,21.2311,-86.731,64.17,63,0,11.14,clear sky
474,Mwinilunga,ZM,-11.7358,24.4293,68.13,54,4,2.59,clear sky
475,Mpanda,TZ,-6.3655,31.0409,75.7,37,55,3.13,broken clouds
476,Darapidap,PH,17.2131,120.4114,87.03,66,50,7.43,scattered clouds
477,Moncagua,SV,13.5333,-88.25,70.29,87,68,3.62,broken clouds
478,Mashivka,UA,49.4431,34.8669,47.25,69,98,10.04,overcast clouds
479,Zhaodong,CN,46.0833,125.9833,30.22,96,100,19.01,light snow
480,Avera,US,33.194,-82.5271,46.71,55,0,6.96,clear sky
481,Beaumont,US,30.0861,-94.1019,51.78,100,1,0.0,mist
482,Vikhorevka,RU,56.1201,101.1636,35.19,63,100,14.72,overcast clouds
483,Sao Sebastiao,BR,-23.76,-45.4097,65.88,87,13,2.33,few clouds
484,Maniitsoq,GL,65.4167,-52.9,20.62,61,4,4.76,clear sky
485,Shingu,JP,33.7333,135.9833,74.39,73,50,19.13,scattered clouds
486,Zabid,YE,14.1951,43.3152,83.59,52,11,2.62,few clouds
487,Guerrero Negro,MX,27.9769,-114.0611,64.96,84,99,8.63,overcast clouds
488,Shitanjing,CN,39.2342,106.3439,27.93,35,0,7.47,clear sky
489,Salinopolis,BR,-0.6136,-47.3561,78.21,87,66,6.49,broken clouds
490,Aykhal,RU,66.0,111.5,20.3,93,98,18.43,overcast clouds
491,Jiazi,CN,22.8779,116.067,70.74,54,18,16.58,few clouds
492,At-Bashi,KG,41.1702,75.8106,25.92,43,48,1.7,scattered clouds
493,Buriti Dos Lopes,BR,-3.175,-41.8669,73.4,89,100,1.97,overcast clouds
494,Smirnykh,RU,49.75,142.8333,35.13,42,93,3.96,overcast clouds
495,Sarangani,PH,5.4033,125.4636,84.51,77,21,19.46,few clouds
496,Prieska,ZA,-29.6641,22.7474,63.39,55,100,18.54,overcast clouds
497,Kamenka,RU,51.3223,42.7678,39.25,89,100,9.1,overcast clouds
498,Pierre,US,44.3683,-100.351,53.06,71,1,5.01,clear sky
499,Kloulklubed,PW,7.0419,134.2556,82.9,76,98,16.53,overcast clouds
500,San Angelo,US,31.4638,-100.437,61.02,67,1,3.0,clear sky
501,Zhenlai,CN,45.8495,123.2973,25.52,83,100,32.21,snow
502,Pietarsaari,FI,63.65,22.6833,32.9,76,7,1.01,clear sky
503,Hare Bay,CA,48.8499,-54.0148,45.75,94,37,5.59,scattered clouds
504,Congleton,GB,53.1631,-2.2125,46.49,91,69,1.01,broken clouds
505,Conde,BR,-7.2597,-34.9075,78.26,83,20,5.75,few clouds
506,Mucurapo,TT,10.6667,-61.5333,79.25,89,20,6.76,few clouds
507,Honiara,SB,-9.4333,159.95,84.45,70,52,2.84,broken clouds
508,Alliance,US,40.9153,-81.1059,46.98,74,7,4.12,clear sky
509,Teguise,ES,29.0605,-13.564,59.22,67,0,10.36,clear sky
510,Eisiskes,LT,54.1667,25.0,43.18,82,71,16.33,broken clouds
511,Muli,MV,2.9167,73.5667,82.89,75,100,16.55,overcast clouds
512,Emerald,AU,-23.5333,148.1667,85.98,40,75,2.3,light rain
513,Gondanglegi,ID,-7.7479,112.0132,85.42,67,100,4.36,overcast clouds
514,Andalucia,CO,4.1706,-76.1664,65.17,95,100,0.69,overcast clouds
515,Sur,OM,22.5667,59.5289,78.85,52,0,4.03,clear sky
516,Biak,ID,-0.9131,122.8766,84.06,73,84,2.46,broken clouds
517,Toszeg,HU,47.1,20.15,48.11,100,90,4.61,light rain
518,Sorong,ID,-0.8833,131.25,83.3,78,22,3.56,few clouds
519,Mantua,IT,45.1667,10.7833,51.44,90,86,3.0,overcast clouds
520,Beidao,CN,34.5686,105.8933,36.37,61,76,2.37,broken clouds
521,Bouca,CF,6.5105,18.2733,69.98,96,100,3.51,overcast clouds
522,Matara,LK,5.9485,80.5353,79.43,86,97,15.97,overcast clouds
523,Lorton,US,38.7043,-77.2278,50.18,73,1,0.0,clear sky
524,Kalaleh,IR,37.3807,55.4916,51.4,82,75,0.0,broken clouds
525,Victoria,HK,22.2855,114.1577,71.33,58,35,5.01,scattered clouds
526,Rancharia,BR,-22.2292,-50.8931,76.12,72,40,10.74,scattered clouds
527,Sosnovo-Ozerskoye,RU,52.5249,111.5418,23.29,74,92,13.51,overcast clouds
528,Tupik,RU,54.4253,119.9327,22.91,49,9,4.47,clear sky
529,Zhezkazgan,KZ,47.8043,67.7144,35.29,32,0,6.71,clear sky
530,Pulaski,US,34.7668,-92.3001,52.02,83,1,0.0,clear sky
531,Kefamenanu,ID,-9.4467,124.4781,86.81,57,80,6.15,broken clouds
532,Houma,US,29.5958,-90.7195,53.6,92,0,3.96,clear sky
533,Talcahuano,CL,-36.7167,-73.1167,55.08,82,0,10.36,clear sky
534,Koslan,RU,63.4564,48.8989,24.39,96,88,3.04,overcast clouds
535,Gushikawa,JP,26.3544,127.8686,76.59,80,90,5.75,overcast clouds
536,Kerman,IR,30.2832,57.0788,44.46,93,75,6.91,mist
537,Kumba,CM,4.6363,9.4469,71.01,98,98,1.63,overcast clouds
538,San Juan,AR,-31.5375,-68.5364,69.28,43,1,7.14,clear sky
539,Honningsvag,NO,70.9821,25.9704,31.75,69,90,21.85,light shower snow
540,Tessalit,ML,20.1986,1.0114,75.72,23,54,5.57,broken clouds
541,Gillette,US,44.2911,-105.5022,38.25,78,75,3.44,broken clouds
542,Yar-Sale,RU,66.8333,70.8333,16.0,93,97,8.16,overcast clouds
543,Tilichiki,RU,60.4667,166.1,26.62,98,100,5.93,snow
544,Beni Mazar,EG,28.4962,30.8029,66.7,62,0,6.98,clear sky
545,Dalvik,IS,65.9702,-18.5286,31.93,94,100,8.05,snow
546,Beringovskiy,RU,63.05,179.3167,14.36,95,52,5.79,broken clouds
547,Hammerfest,NO,70.6634,23.6821,30.65,74,90,21.85,light snow
548,Alta Floresta,BR,-9.8756,-56.0861,70.27,98,98,2.48,overcast clouds
549,Xichang,CN,27.8964,102.2634,52.79,63,93,3.36,overcast clouds
550,Sarakhs,IR,36.5449,61.1577,47.1,30,12,2.82,few clouds
551,Bendigo,AU,-36.7667,144.2833,67.42,39,1,9.13,clear sky
552,Skibbereen,IE,51.55,-9.2667,55.2,98,100,12.37,overcast clouds
553,Atar,MR,20.5169,-13.0499,70.66,30,77,6.85,broken clouds
554,Udaipur,IN,24.5712,73.6918,74.3,28,97,5.48,overcast clouds
555,Puerto Escondido,MX,15.85,-97.0667,79.63,73,40,5.75,scattered clouds
556,Santiago,CL,-33.4569,-70.6483,66.85,50,0,6.91,clear sky
557,Nanzhang,CN,31.7765,111.8386,56.32,28,13,3.65,few clouds
558,Rio Grande,BR,-32.035,-52.0986,51.94,78,1,3.47,clear sky
559,Chifeng,CN,42.2683,118.9636,25.81,60,100,27.94,light snow
560,Hornostayivka,UA,47.0078,33.729,54.01,94,80,12.73,broken clouds
561,Broome,US,42.2506,-75.833,42.37,69,0,0.38,clear sky
562,Prince Rupert,CA,54.3161,-130.3201,42.49,78,100,14.97,overcast clouds
563,Karlshamn,SE,56.1706,14.8619,42.91,85,87,9.17,overcast clouds
564,Kangaatsiaq,GL,68.3065,-53.4641,16.75,80,100,10.51,overcast clouds
565,Kazerun,IR,29.6195,51.6541,64.76,50,4,5.79,clear sky
566,Srednekolymsk,RU,67.45,153.6833,1.87,98,100,4.34,overcast clouds
567,Tautira,PF,-17.7333,-149.15,78.82,77,24,7.45,few clouds
568,Wodonga,AU,-36.1167,146.8833,73.96,55,0,11.5,clear sky
569,Svetlogorsk,BY,52.6333,29.7333,44.13,85,100,13.4,overcast clouds
570,Kailua,US,21.4022,-157.7394,80.58,74,18,18.81,few clouds
571,Iralaya,HN,15.0,-83.2333,77.05,86,100,16.22,overcast clouds
572,Kingseat,GB,56.0974,-3.4084,43.39,91,0,3.0,clear sky
573,Taoudenni,ML,22.6783,-3.9836,65.95,21,0,14.07,clear sky
574,Maraa,BR,-1.8333,-65.3667,72.77,99,84,2.15,broken clouds
575,Qui Nhon,VN,13.7667,109.2333,81.1,84,52,16.55,broken clouds
576,Broken Hill,AU,-31.95,141.4333,71.31,35,100,8.05,overcast clouds
577,Chicama,PE,-7.8447,-79.1469,61.34,85,85,5.77,overcast clouds
578,Camana,PE,-16.6228,-72.7111,63.52,85,72,5.7,broken clouds
579,Turan,VN,16.0678,108.2208,82.38,78,75,13.8,broken clouds
580,Bosaso,SO,11.2842,49.1816,76.98,73,0,11.5,clear sky
581,Ust-Kuyga,RU,70.0167,135.6,-13.58,89,74,10.04,broken clouds
582,Urumqi,CN,43.801,87.6005,22.15,63,0,2.24,clear sky
583,Shakhtinsk,KZ,49.71,72.5872,25.36,44,0,6.38,clear sky
584,Gladstone,AU,-23.85,151.25,82.78,65,90,11.5,overcast clouds
585,San Matias,BO,-16.3667,-58.4,69.03,86,68,4.34,broken clouds
586,Muravlenko,RU,63.7898,74.523,31.17,94,99,16.96,overcast clouds
587,Tarrega,ES,41.647,1.1396,49.82,79,20,0.38,few clouds
588,Labuhan,ID,-6.8844,112.2051,88.43,57,100,5.44,overcast clouds
589,Nikolayevka,RU,53.1257,47.2041,36.95,93,95,8.52,light rain
590,Sisimiut,GL,66.9395,-53.6735,15.35,85,93,7.9,overcast clouds
591,Qasigiannguit,GL,68.8193,-51.1922,12.45,73,5,6.15,clear sky
592,Vao,NC,-22.6667,167.4833,72.86,62,11,7.23,few clouds
593,Quelimane,MZ,-17.8786,36.8883,71.55,100,20,3.44,few clouds
594,Antofagasta,CL,-23.65,-70.4,60.08,78,30,5.73,scattered clouds
595,Santiago Del Estero,AR,-27.7951,-64.2615,66.81,67,36,3.06,scattered clouds
596,Sao Miguel,BR,-5.4667,-35.3667,79.57,82,49,10.18,scattered clouds
597,Havre-Saint-Pierre,CA,50.2334,-63.5986,44.6,100,90,6.91,overcast clouds
598,Grajau,BR,-5.8194,-46.1386,72.32,95,95,2.51,overcast clouds
599,Jutai,BR,-5.1833,-68.9,71.49,99,85,1.45,overcast clouds
600,Girona,ES,41.9831,2.8249,58.24,65,0,1.01,clear sky
601,Saint Anthony,US,45.0205,-93.218,55.53,87,1,1.99,mist
602,Vostok,RU,46.4856,135.8833,42.26,42,99,3.2,overcast clouds
603,Touros,BR,-5.1989,-35.4608,79.7,78,73,10.4,broken clouds
604,Miramar,US,25.9873,-80.2323,65.05,83,1,8.05,clear sky
605,Saint-Pierre,RE,-21.3393,55.4781,81.57,66,0,16.11,clear sky
606,Fort Nelson,CA,58.8053,-122.7002,24.39,93,90,0.0,light shower snow
607,Dauphin,CA,51.1494,-100.0502,42.94,49,1,16.11,clear sky
608,Uvalde,US,29.3669,-99.767,59.58,54,1,5.75,clear sky
609,Tadine,NC,-21.55,167.8833,76.05,58,72,6.13,broken clouds
610,Saint-Honore,CA,48.5334,-71.0824,45.72,78,100,6.91,overcast clouds
611,Imeni Poliny Osipenko,RU,52.4201,136.4853,26.06,50,50,6.17,scattered clouds
612,Kayes,ML,14.0,-11.0,80.04,33,11,1.99,few clouds
613,College,US,64.8569,-147.8028,24.75,89,90,3.44,light snow
614,Moranbah,AU,-22.0016,148.0466,90.93,38,59,9.48,broken clouds
615,Nemuro,JP,43.3236,145.575,48.63,78,69,12.84,broken clouds
616,Borazjan,IR,29.2666,51.2159,70.93,39,0,3.2,clear sky
617,Pechenga,RU,69.5259,31.1703,23.86,92,95,4.12,overcast clouds
618,Fez,MA,34.0372,-4.9998,43.05,56,0,9.22,clear sky
619,Luwuk,ID,-0.9516,122.7875,85.75,77,89,3.02,overcast clouds
620,Severnoye,RU,56.3491,78.3619,31.71,61,82,18.97,broken clouds
621,Changping,CN,40.2186,116.2197,38.84,64,0,14.92,clear sky
622,Cam Ranh,VN,11.9214,109.1591,85.96,74,40,8.05,scattered clouds
623,Pangnirtung,CA,66.1451,-65.7125,15.8,73,20,3.44,few clouds
624,Novyy Urengoy,RU,66.0833,76.6333,22.5,94,100,10.78,overcast clouds
625,Omboue,GA,-1.5746,9.2618,75.51,93,100,3.65,moderate rain
626,Gurupi,BR,-11.7292,-49.0686,72.77,87,100,3.69,overcast clouds
627,Pokrovsk,UA,48.282,37.1758,46.56,57,100,11.01,overcast clouds
628,Ecoporanga,BR,-18.3733,-40.8306,68.22,94,82,2.53,broken clouds
629,Coquimbo,CL,-29.9533,-71.3436,55.13,87,0,3.44,clear sky
630,Matagami,CA,49.7502,-77.6328,44.71,100,90,3.44,overcast clouds
631,Waslala,NI,13.2333,-85.3833,70.02,93,91,3.29,overcast clouds
632,Whitehorse,CA,60.7161,-135.0538,9.37,85,20,2.3,few clouds
633,Muzhi,RU,65.3667,64.6667,25.18,86,98,4.23,overcast clouds
634,Gazanjyk,TM,39.2446,55.5154,46.85,45,0,1.66,clear sky
635,Chalmette,US,29.9427,-89.9634,62.01,70,1,1.01,clear sky
636,Baykit,RU,61.67,96.37,31.23,89,100,10.42,overcast clouds
637,Kronach,DE,50.2396,11.3331,43.86,90,60,2.75,broken clouds
638,Belomorsk,RU,64.5232,34.7668,24.15,90,12,4.59,few clouds
639,Acajutla,SV,13.5928,-89.8275,78.13,60,88,8.01,overcast clouds
640,Krasnyy Yar,RU,46.5331,48.3456,46.33,86,40,0.74,scattered clouds
641,Laguna De Duero,ES,41.5815,-4.7233,46.24,89,90,3.44,overcast clouds
642,Vestmanna,FO,62.1564,-7.1664,43.72,93,90,19.57,light intensity drizzle
643,Pyinmana,MM,19.7333,96.2167,84.67,70,57,6.55,broken clouds
644,Chulym,RU,55.0997,80.9572,29.84,68,98,19.53,overcast clouds
645,Nuevo Progreso,MX,23.1667,-97.95,71.6,86,66,2.82,broken clouds
646,Iqaluit,CA,63.7506,-68.5145,8.33,84,1,15.99,clear sky
647,Sabang,ID,5.8933,95.3214,80.62,80,91,14.25,light rain
648,Catia La Mar,VE,10.6038,-67.0303,80.8,65,20,0.0,few clouds
649,Qostanay,KZ,53.1667,63.5833,32.29,55,0,13.42,clear sky
650,Mountain Home,US,43.133,-115.6912,36.79,100,1,4.61,clear sky
651,Malinovoye Ozero,RU,51.6753,79.7825,33.15,57,92,10.27,overcast clouds
652,Agadez,NE,19.75,10.25,70.79,16,5,5.57,clear sky
653,Magistralnyy,RU,56.1725,107.4458,32.43,92,100,8.48,light snow
654,Eenhana,NA,-17.4667,16.3333,74.14,44,100,3.83,overcast clouds
655,Jacqueville,CI,5.2052,-4.4146,80.51,83,60,9.28,broken clouds
656,Pacific Grove,US,36.6177,-121.9166,53.96,83,73,1.01,broken clouds
657,Mfou,CM,3.7159,11.6427,69.66,100,75,0.0,thunderstorm
658,Kulhudhuffushi,MV,6.6221,73.07,80.56,77,84,13.49,broken clouds
659,Cockburn Town,TC,21.4612,-71.1419,81.75,72,70,4.47,broken clouds
660,Tulsipur,NP,28.131,82.2973,72.18,60,15,4.12,few clouds
661,Kysyl-Syr,RU,63.8986,122.7617,23.34,95,100,8.63,snow
662,Wonosobo,ID,-7.36,109.9025,81.86,92,97,0.87,overcast clouds
663,Karatsu,JP,33.4425,129.9697,70.16,28,100,3.0,moderate rain
664,Jinchang,CN,38.4953,102.1739,34.63,12,0,3.62,clear sky
665,Dhidhdhoo,MV,6.8833,73.1,81.19,75,62,11.92,broken clouds
666,Punta Gorda,US,26.9298,-82.0454,63.99,83,1,1.01,clear sky
667,Daokou,CN,35.5639,114.5058,48.22,28,0,5.35,clear sky
668,Araouane,ML,18.9048,-3.5265,74.55,25,17,10.74,few clouds
669,Iskitim,RU,54.6366,83.3045,32.45,75,87,15.23,overcast clouds
670,Hofn,IS,64.2539,-15.2082,38.35,98,100,12.12,heavy intensity rain
671,High Level,CA,58.5169,-117.136,24.91,100,90,4.61,light snow
672,Wanaka,NZ,-44.7,169.15,76.1,35,74,7.0,moderate rain
673,Jieshou,CN,33.2634,115.3611,49.73,30,0,12.1,clear sky
674,Bahia De Caraquez,EC,-0.6,-80.4167,71.78,82,100,8.14,overcast clouds
675,Bekovo,RU,52.4663,43.712,39.16,92,99,11.32,overcast clouds
676,Nandgaon,IN,20.3167,74.65,79.72,36,57,6.73,broken clouds
677,Puri,IN,19.8,85.85,79.32,50,30,10.16,scattered clouds
678,Hit,IQ,33.6416,42.8251,62.91,23,0,8.75,clear sky
679,Roma,US,43.2128,-75.4557,44.87,83,1,0.0,clear sky
680,Adelaide,AU,-34.9333,138.6,71.55,46,31,4.0,scattered clouds
681,Akdepe,TM,42.0551,59.3788,30.2,21,0,2.06,clear sky
682,Mandalgovi,MN,45.7625,106.2708,26.62,49,4,9.95,clear sky
683,Balkanabat,TM,39.5108,54.3671,48.42,45,0,1.59,clear sky
684,Komsomolskiy,UZ,40.4272,71.7189,41.72,60,75,0.0,haze
685,Olavarria,AR,-36.8927,-60.3225,52.59,88,28,5.41,scattered clouds
686,Tual,ID,-5.6667,132.75,84.61,74,46,7.27,scattered clouds
687,Tshikapa,CD,-6.4167,20.8,68.63,91,64,0.94,broken clouds
688,Bandarbeyla,SO,9.4942,50.8122,80.04,60,73,11.23,broken clouds
689,Turukhansk,RU,65.8167,87.9833,32.77,98,100,20.09,light snow
690,Beatrice,US,40.2681,-96.747,59.18,87,1,3.44,clear sky
691,Greece,US,43.2098,-77.6931,50.36,87,1,3.0,clear sky
692,Caborca,MX,30.5838,-111.101,65.7,31,56,2.95,broken clouds
693,Synya,RU,65.3718,58.0387,23.04,96,100,3.11,light snow
